,Name,Gender,City,State,Email,DOB,Picture
0,Andree Goldberg,male,Landsberg am Lech,Bayern,andree.goldberg@example.com,1997-10-23T04:24:42.972Z,https://randomuser.me/api/portraits/men/22.jpg
1,Charles Johnson,male,Timaru,Tasman,charles.johnson@example.com,1987-12-10T07:03:40.159Z,https://randomuser.me/api/portraits/men/68.jpg
2,Bobby Spencer,male,Rockhampton,Victoria,bobby.spencer@example.com,1978-09-13T04:47:33.210Z,https://randomuser.me/api/portraits/men/14.jpg
3,Samuel Lehtonen,male,Eurajoki,Lapland,samuel.lehtonen@example.com,1982-06-16T18:35:29.934Z,https://randomuser.me/api/portraits/men/17.jpg
4,Harman Kreukniet,male,Ravenswaaij,Flevoland,harman.kreukniet@example.com,1966-02-10T17:14:48.605Z,https://randomuser.me/api/portraits/men/46.jpg
5,Eliza Gomez,female,Armagh,Cleveland,eliza.gomez@example.com,1953-08-06T02:46:14.181Z,https://randomuser.me/api/portraits/women/28.jpg
6,Britney Horton,female,Portmarnock,Donegal,britney.horton@example.com,1997-07-26T20:19:49.774Z,https://randomuser.me/api/portraits/women/65.jpg
7,Cory Morales,male,Tulsa,New York,cory.morales@example.com,1955-11-30T21:04:20.308Z,https://randomuser.me/api/portraits/men/28.jpg
8,Aidé Nunes,male,Ipatinga,Mato Grosso do Sul,aide.nunes@example.com,1964-07-23T16:54:24.111Z,https://randomuser.me/api/portraits/men/0.jpg
9,Guillermo Fernandez,male,Bilbao,Navarra,guillermo.fernandez@example.com,1997-05-01T10:21:29.113Z,https://randomuser.me/api/portraits/men/89.jpg
